lemma,count
new,1551258643
home,1343605650
page,1316122844
time,1111656450
service,1081744026
search,1081663131
site,1047065976
one,1030094716
free,1014995410
information,935638515
may,828929629
product,813493987
year,788933892
news,755424983
day,751398261
find,750329830
price,745086954
use,719980257
state,714041148
see,691684623
business,685665263
contact,680789678
view,679612669
book,678670133
get,654791998
review,646751881
help,640662027
item,627040260
right,625671700
web,623073565
system,620530933
also,616829742
post,609778564
pm,606618641
online,601317059
link,580329194
first,578720548
good,575382957
hotel,573485707
click,543596962
name,536451608
game,533042401
list,530839895
like,530313020
date,527409617
work,518065646
member,510515046
top,495984898
make,492914240
back,492821317
people,489752450
message,482778842
policy,472193707
go,468725815
user,465766463
school,462035941
video,459479130
email,457239566
city,450485160
program,449185215
number,448864945
group,447657251
company,442980926
world,442525771
two,441634470
health,440431718
comment,436187177
store,432519343
next,425903347
used,421438139
last,420280283
order,417236548
buy,416808951
music,414290995
forum,413651714
data,407047988
part,403366808
support,402426463
add,402115067
report,400753331
result,395605888
photo,394952702
term,393988734
copyright,382598663
area,381857884
please,380046348
available,379644437
well,376156431
car,374438210
map,373624326
best,372077616
software,371779484
file,367388729
jan,366584969
set,364625811
way,363630069
job,358782534
great,358027013
line,356815938
info,354343399
high,352881551
sale,352468790
life,349767910
public,349615053
type,349407599
student,348391367
rate,344723717
change,341171495
movie,341160667
category,340667095
computer,339345281
picture,339114499
read,335505870
article,333500580
privacy,333272427
show,332346624
know,330740909
university,330291059
center,329910094
child,327915510
project,327866070
event,326750714
detail,326322175
phone,323955804
take,322134034
sex,322005449
doe,321965419
case,321818673
art,321168729
need,319376932
many,318966441
resource,317232715
mail,315734415
said,315595259
general,313944434
woman,313918545
research,312377267
image,311662357
january,310345867
full,309952537
subject,305791842
community,304808312
management,304368918
card,302481564
development,302182177
family,301494582
dvd,300527834
real,299360184
united,299280163
office,297436372
design,297404017
technology,296896714
international,296264054
sport,294548111
travel,293344707
must,292840725
address,291261769
want,291228559
made,287353021
question,287348222
network,286292299
code,284748658
website,283003825
issue,278533430
listing,275793437
return,274692381
local,274425438
sign,274190045
send,274103587
section,273022935
place,272666539
guide,272473073
special,271932364
country,271875880
rating,271635643
window,271243864
national,271078121
hour,270008667
level,269924485
location,269714320
using,269448880
customer,268724578
medium,268720173
offer,268316877
content,267246326
check,266979602
education,266924459
point,265308093
friend,265259952
board,265238530
form,264956796
internet,264211493
posted,263851272
problem,262099644
law,261576660
within,261390908
house,261206898
study,261003212
say,260543182
cost,259978226
version,257150986
shipping,256521328
reserved,256443074
end,254611045
index,254474242
story,254373328
american,254201886
open,253740808
property,252549168
long,252519588
security,252411152
based,252405204
application,252100777
value,252007531
shop,251035163
tool,250565605
black,250340969
model,247778926
teen,247161257
county,246765084
note,246615652
power,246570236
account,245941633
even,245921460
course,245708368
thing,245421553
control,245401760
condition,244920039
topic,244134040
call,243270502
source,242521687
much,242326300
title,241947903
room,241753308
today,241364451
week,240773809
class,239941008
personal,239216761
south,238644897
size,238595520
plan,238041874
month,234220220
total,233000421
uk,232949779
author,232705196
directory,231770506
profile,231763975
water,231198140
related,231127472
care,230084008
standard,229356790
cd,228255403
think,227891709
department,227061740
gift,226830325
reply,226506692
feature,225250002
government,223929975
three,223681274
girl,221464521
following,221359876
text,220875803
download,220626128
current,220295284
access,219857863
history,218943759
come,218582922
north,217855991
science,217104669
look,216940037
big,216690546
process,216292958
including,214195457
love,213630147
gallery,213580127
description,213558682
white,213547069
activity,212318799
small,208573554
credit,208258495
usa,206281539
team,206071113
far,205472321
action,205281887
market,205257525
john,205252946
visit,205050370
print,204972806
college,204747850
shopping,204104275
old,204065052
record,204006072
digital,202346767
main,202268783
archive,201798425
previous,201692678
table,201430993
food,201294718
option,199396630
second,198648130
seller,198046426
stock,197746908
party,197655854
test,197335704
men,196195250
non,196109547
quality,195318990
box,195067923
insurance,193804208
server,193118303
still,193091472
save,192983730
another,192535750
industry,192166822
release,192150323
blog,192019688
low,191469718
money,191379987
library,190194821
thread,189641822
word,189581484
every,189325890
person,189185797
private,188233446
quote,187732723
little,187315582
compare,186642026
give,186337748
mean,186258834
paper,185964108
start,185077147
man,183287191
december,183253204
include,182579275
material,182430238
press,182094235
york,181990523
provide,181040994
star,180850929
tax,180581323
solution,180104309
join,179876355
different,179794224
learn,179428286
around,178810033
accessory,177676875
payment,177403310
canada,177257057
training,177129348
estate,176019029
field,175987073
language,175894011
gay,173768672
island,173586323
west,173467788
advanced,173422161
human,173302782
play,172531056
english,172420235
tv,172386568
method,172297208
left,171821076
pc,171741047
player,171002771
hand,170384388
register,169784604
example,169394769
select,168673045
loan,168606882
fee,168560792
park,167523729
club,167310274
live,166005029
large,165895773
street,165067202
reference,164876016
act,164763850
single,164349118
june,163983036
however,163957176
october,163363054
november,163339167
document,163141095
air,162081578
really,162033390
series,161518557
experience,161263150
request,160860157
key,160578859
meeting,160121949
provided,159785849
yes,159704299
interest,159511351
required,159478972
hot,159287179
march,159166767
let,158939263
side,158424564
effect,157994239
september,157195709
cell,157195647
age,157161625
july,156722594
body,156451989
professional,156233340
building,155874441
going,155862313
yahoo,155840867
cart,155715072
rule,155571063
memory,155559004
medical,155317159
deal,155018212
dec,154434992
war,154415579
camera,153494271
mobile,153030853
staff,152894418
light,152000637
feedback,151866435
night,151790146
less,151616560
film,151297907
supply,150845529
lot,150766298
looking,150610176
unit,150226669
april,150064689
update,149623860
never,149556758
blue,149548113
complete,149312237
performance,148983029
working,148966565
financial,148330257
share,147265337
road,146894241
sell,146523990
court,146511680
equipment,145824145
function,145695315
got,145057782
america,144604309
red,144089801
discussion,143959160
run,143095077
legal,142048771
recent,141800308
color,140876675
individual,140247382
committee,139843183
social,139831307
million,139626516
august,139459917
watch,139394441
pay,138704144
password,138444293
range,137747915
garden,137469793
young,137460552
minute,137303658
space,137165342
faq,137136639
create,137071122
track,136387546
ii,136356038
ca,136131015
important,136103455
journal,135975476
magazine,135319162
statement,135285872
drive,135242297
east,135077098
analysis,134925606
brand,134504942
director,134280802
official,133589896
ad,133288003
keep,133226982
idea,132768879
rental,132552857
notice,132472057
additional,132187702
latest,131952173
head,131716748
collection,131560281
region,131416712
baby,131193976
sound,130998111
adult,130430571
format,130263008
opportunity,130066875
hard,130054708
fact,129849566
organization,129751066
four,129750688
communication,129684090
texas,129434293
future,129316946
oct,129301730
poker,129277247
status,129192453
agreement,129065137
browse,128815174
fax,127887421
bad,127799180
february,127704851
error,127639827
always,127634767
cover,127474302
major,127337348
audio,127322321
write,126645151
agency,126580278
nov,126461152
edition,126362162
ticket,126329190
given,126028149
put,125910260
display,125675652
easy,125548527
holiday,125402112
database,125349445
tell,125088220
id,125056667
china,124577282
style,124515883
step,124401569
making,124399532
association,124349602
benefit,124284471
period,124198539
package,123962683
tip,123611108
needs,123595776
possible,123384606
common,123227086
might,123196001
yet,123160529
artist,122926384
sun,122864560
fund,122850683
try,122742649
newsletter,122696851
mile,122191270
bank,122141532
practice,122048542
amount,121624115
net,121614179
present,121513263
london,121162339
washington,121006441
operation,120999551
god,120973538
delivery,120935212
animal,120745214
energy,120637844
conference,120612498
become,120495036
requirement,120491636
society,120479144
short,120201463
thought,119724175
porn,119595989
california,119425404
enter,119394206
entry,119196707
log,119174402
similar,119150817
radio,119144598
council,118875527
owner,118769765
president,118735339
kid,118614823
career,118593195
added,118410414
drug,118251576
trade,117975699
listed,117951402
welcome,117858320
learning,117846796
land,117024112
ship,117014901
bill,116742982
publication,116701370
popular,116495721
original,116352708
mar,115996028
toy,115637628
purpose,115538242
answer,115450340
mark,115354576
environment,115290861
song,115104724
specific,115025683
facility,114644770
position,114461372
district,114432328
beach,114305337
figure,114181526
self,113959886
central,113871303
force,113500318
talk,113335003
close,113187482
green,112931891
away,112837472
calendar,112792109
tour,112659495
pic,112534153
client,112468311
includes,112466751
natural,112420500
australia,112320085
manager,112198520
boy,112181153
partner,112117805
entertainment,111878143
least,111229798
centre,111168888
safety,111147686
meet,111036271
pro,110960386
risk,110691904
award,110625827
sure,110528740
marketing,109642463
david,109623852
updated,109504766
able,109389038
provides,109213691
fun,108449399
due,108366874
already,108324565
response,107985680
letter,107978620
rock,107915971
feb,107846384
gold,107830975
production,107789010
several,107589584
parent,107552534
machine,107452209
sep,107316035
living,107270041
france,107251893
bar,107049514
called,106978150
average,106850389
restaurant,106834637
agent,106654961
url,106625134
ask,106400213
daily,106371163
limited,106209321
powered,106119933
domain,106078680
copy,106006524
past,105792512
dog,105671993
kind,104902454
five,104599560
auto,104498379
electronics,104230315
discount,104175504
feel,104136684
reading,103968124
final,103909389
planning,103878661
town,103816479
increase,103782418
object,103664426
weather,103615426
heart,103511284
engine,103244648
finance,103202123
technical,102905930
front,102871721
done,102812628
printer,102798248
treatment,102343256
decision,102327643
direct,102234090
bit,102061114
album,102035347
reason,101752538
employee,101243780
patient,101216785
nude,100697926
chapter,100697284
eye,100663991
aug,100502612
ever,100264634
downloads,100237452
lake,100188948
hit,100072907
early,100013194
lyric,99550009
bid,99360541
third,99145205
either,99143011
purchase,99102175
ago,98839705
lead,98832739
fall,98714623
sample,98647115
apr,98606584
device,98433361
church,98094661
written,98056850
loss,97988978
federal,97896112
face,97858832
teacher,97835227
hosting,97747750
foot,97638779
turn,97589879
port,97223577
basic,97156959
shoe,97098038
cheap,97049762
weight,97000327
matter,96529766
true,96287961
europe,95460601
tech,95267334
spring,95243232
degree,95120952
plus,95006235
license,94769063
component,94717090
king,94705497
lesbian,94638048
usually,94477370
death,94459595
percent,94322095
edit,94159529
together,94113765
commercial,94093025
fast,94085779
strategy,94031020
en,93520919
getting,93506861
global,93450595
cable,93394229
charge,93253122
economic,93044306
sort,92991770
structure,92656608
often,92551460
subscribe,92456246
submit,92431559
score,92333020
favorite,92246870
manufacturer,92198621
germany,92172840
included,92002729
though,91905891
flower,91739515
oil,91718585
casino,91376885
vehicle,91333573
various,91156139
contract,90991556
mortgage,90876232
linux,90868457
character,90807158
channel,90778849
base,90558043
james,90535679
vote,90446691
construction,90302134
fire,90252608
advertising,90210309
clear,90182619
protection,90095749
speed,90095302
river,90083055
received,90037485
choose,90010174
knowledge,89879571
hill,89778616
consumer,89658819
band,89411439
plant,89185432
opinion,89173988
beauty,89162366
currently,89075990
cause,89055065
michael,89053413
writing,88982917
registered,88506935
season,88480815
setting,88410159
golf,88370813
receive,88328938
editor,88158562
screen,87983541
investment,87906570
logo,87896206
choice,87774404
wide,87661475
graphic,87561960
station,87492860
india,87479960
half,87382264
friday,87372497
skill,87218674
taken,87019836
tree,87001068
stop,86868060
role,86860509
known,86395556
exchange,86303087
chat,86292052
stay,86241601
paul,86127852
engineering,85964618
move,85902141
summary,85857419
florida,85814520
reader,85800351
annual,85785140
simple,85761220
quick,85624282
none,85548408
robert,85382658
wireless,85333514
whole,85317360
corporation,85018873
addition,85014048
published,84923632
mind,84923564
later,84857974
google,84757894
corporate,84697675
disease,84604298
enterprise,84491858
active,84376734
commission,84340799
wish,84275843
procedure,84192988
hardware,84083362
kit,83997833
connection,83878153
build,83635409
hope,83608473
enough,83592616
designed,83559486
along,83444756
volume,83359922
institute,83291406
kingdom,83204500
aid,83178207
ring,83170291
auction,83116660
html,83114894
selection,83059763
guy,82889911
hold,82741121
menu,82642617
bed,82564175
publisher,82555049
higher,82515596
created,82342853
yellow,82326052
remember,82222044
european,82151205
income,82095217
political,82021775
stuff,82013389
nature,82008717
advertise,81965610
oh,81943081
button,81941621
monday,81887183
union,81771545
near,81652767
environmental,81596309
survey,81520162
storage,81483755
western,81451490
mode,81446689
french,81440411
associate,81238514
approach,81227493
executive,81226384
japan,81178706
bay,81093638
double,80997067
factor,80846686
availability,80766387
authority,80656063
africa,80609140
element,80486579
growth,80238798
win,79848750
goal,79841602
provider,79764233
overall,79608781
guest,79375729
le,79323596
culture,79296976
cash,79273690
employment,79226449
battery,79037753
effort,78950684
hospital,78835222
administration,78793686
match,78766925
driver,78722091
division,78661622
trademark,78426012
seen,78365291
sunday,78182392
custom,77967148
relationship,77810078
regional,77752808
direction,77743069
glass,77569569
relation,77536544
ny,77534309
started,77515342
officer,77438291
schedule,77421874
cross,77222123
master,77138444
soon,77038135
claim,77027977
command,76990257
door,76868330
sponsored,76855129
electronic,76707502
continue,76659163
session,76649383
poster,76623133
across,76597151
someone,76553113
needed,76528079
apply,76341478
fan,76335616
gas,76235887
airport,76114075
held,76100888
classic,76090639
effective,75960822
believe,75918053
nation,75879357
voice,75729708
asked,75532722
instruction,75461188
dollar,75411886
male,75346858
shirt,75266035
fine,75242969
focus,75152131
programme,74997615
inn,74976122
lost,74772026
affiliate,74563574
horse,74558663
dc,74551458
inside,74360351
leader,74333999
silver,74330865
wall,74268226
cut,74169573
female,74002957
lower,73933807
mature,73877124
particular,73860048
rather,73664932
length,73659904
ground,73622412
impact,73603157
homepage,73542247
nothing,73363579
population,73322011
extra,73301177
came,73286694
distribution,73247110
regulation,73159506
certain,73108213
frame,73087323
running,72955000
mon,72929524
bush,72896884
necessary,72715604
clothing,72654600
jewelry,72648785
according,72553085
browser,72453563
transfer,72415250
foundation,72409722
wedding,72287352
responsibility,72155717
measure,72020832
trial,72001855
tuesday,71639310
advice,71628494
pet,71599275
statistic,71579394
vacation,71570046
grant,71557398
six,71543101
interface,71532065
accommodation,71522462
suite,71388199
military,71379973
son,71254769
zip,71232800
registration,71202762
flight,71157824
sat,70997818
saturday,70963024
leave,70957750
capital,70933885
british,70912501
george,70899436
christian,70847518
flash,70685599
filter,70648255
huge,70639535
bag,70582480
taking,70312688
piece,70299352
middle,70231951
summer,70182891
tag,70164517
medicine,70153896
coming,70099649
mountain,69961397
firm,69741666
appropriate,69671201
protein,69658631
certificate,69608544
block,69578980
difference,69547459
thursday,69519002
ok,69479742
expert,69461029
ip,69459661
actually,69444655
nice,69395609
apartment,69339429
grade,69288960
sent,69009823
follow,68982994
assessment,68975724
wednesday,68895740
module,68864827
asian,68832210
christmas,68768832
shown,68755779
england,68710198
instrument,68496011
pa,68454754
begin,68194770
went,68130142
starting,68080206
alternative,68014982
fri,67969998
mr,67898826
potential,67820080
cancer,67806348
furniture,67625659
hi,67566273
round,67565012
senior,67527137
outside,67458757
telephone,67452674
multiple,67448836
foreign,67443436
wine,67431307
break,67285982
wed,67188466
allow,67052567
warning,66975777
target,66974497
super,66861365
sea,66787651
mother,66782465
pass,66674011
virginia,66607782
brown,66474853
almost,66395121
took,66297175
located,66249627
hp,66243562
studio,66057558
industrial,65921648
hall,65873004
wood,65778290
primary,65687551
desktop,65633168
late,65574606
featured,65473127
trip,65448610
stand,65383320
inc,65336689
responsible,65319659
thomas,65287220
associated,65218530
stage,65151146
independent,65076298
distance,64947685
input,64942308
string,64902383
smith,64735383
friendly,64695290
police,64560602
metal,64527097
peter,64408956
budget,64343440
resort,64336124
introduction,64314420
safe,64247128
pack,64239482
definition,64233753
catalog,64148300
clip,64110929
physical,64090052
operating,64046921
visitor,64031818
worker,64027085
indian,64021150
kitchen,63873372
panel,63801330
chicago,63768898
valley,63740387
inch,63696489
sheet,63679634
buyer,63475298
happy,63471922
regular,63400354
wanted,63301836
developed,63250401
thank,63234550
prior,63181702
unique,63116899
abstract,63100113
ready,62997942
pussy,62875734
resolution,62845162
evidence,62615980
success,62613354
cat,62574939
mexico,62561262
navigation,62321309
secure,62287766
skin,62160234
host,62147306
therefore,62082477
simply,62012991
race,62012493
monitor,61904962
output,61862825
recipe,61829186
express,61827872
academic,61743917
understand,61719969
classified,61711730
sector,61695429
recently,61635402
probably,61626696
floor,61623497
blood,61544877
built,61502894
overview,61465601
century,61440412
trust,61432231
earth,61360661
carolina,61346004
worldwide,61319870
hair,61313062
improve,61305614
anti,61288417
larger,61265757
shot,61225531
min,61183496
mission,60979158
strong,60969207
canadian,60947831
mac,60907550
maximum,60587751
el,60585368
tx,60504155
chart,60460637
bin,60442653
excellent,60316327
paid,60294928
italy,60280461
limit,60267441
perfect,60242920
task,60106094
pool,60024599
speaker,59999803
disclaimer,59992338
manual,59976676
developer,59950651
pattern,59934694
basis,59901425
teaching,59790834
label,59787280
anal,59776241
repair,59722291
van,59585041
ability,59582954
ensure,59507606
background,59494239
thus,59447388
ie,59425745
involved,59408103
especially,59336380
us,59227727
theory,59172013
situation,59151157
technique,59108937
rated,59102029
institution,59100480
est,59096111
challenge,59082589
amazon,58888445
retail,58807898
existing,58803077
quite,58777731
variable,58736585
positive,58693494
selected,58668257
housing,58638259
surface,58632563
breast,58626554
brother,58541225
beautiful,58503804
lady,58395651
forward,58382492
significant,58338630
museum,58254664
provision,58218294
couple,58208821
useful,58144584
directly,58144287
doctor,58058321
providing,57957650
basket,57956995
md,57947360
finding,57859980
farm,57843397
sponsor,57788374
iii,57745337
gmt,57610397
bring,57608074
max,57564989
flow,57481417
trying,57462639
considered,57378298
traffic,57285405
utility,57267089
default,57253758
told,57248600
bug,57245740
joined,57202778
theme,57194325
modern,57150843
attorney,57137817
pop,57137816
cool,57131174
valid,57094711
ball,57083746
television,57067792
switch,57032795
grand,57003112
membership,56997857
mb,56972137
ireland,56905567
normal,56868739
football,56774707
mm,56765148
sexy,56756180
demand,56701899
zone,56616482
testing,56613169
chair,56597075
announcement,56529782
instead,56499843
wrote,56421594
german,56388797
fl,56346621
entire,56327035
educational,56282937
thousand,56265477
leading,56216612
lawyer,56212781
fitness,56079563
chinese,56076581
pressure,56029796
asia,55992121
rest,55957144
republic,55871319
improvement,55861350
attack,55851080
il,55732740
mary,55715666
count,55675339
likely,55669441
develop,55611036
debt,55609419
wind,55603262
processing,55499899
scale,55469673
java,55360149
mailing,55315755
fit,55284806
seems,55276661
interview,55272355
morning,55268727
faculty,55213209
alert,55193166
photography,55184430
pick,55170145
contains,55145932
stone,55106393
fish,54923910
bear,54908230
variety,54902084
election,54895155
assistance,54848470
completed,54810628
path,54711903
chemical,54600680
apple,54575761
concept,54521701
dance,54450109
root,54444538
father,54388623
expected,54346724
dating,54292714
pacific,54275558
motor,54179374
mini,54112764
longer,54063969
consider,54062139
laptop,54038524
remove,54012433
cup,53967499
saving,53938519
northern,53902706
behind,53892722
advance,53806684
winter,53743632
concern,53677487
recommendation,53673329
fair,53602058
column,53565423
wife,53541789
deep,53536903
buying,53534781
proposed,53512775
iraq,53510329
require,53495303
patch,53476505
outdoor,53462150
otherwise,53406486
allows,53352976
youth,53352371
core,53228216
transportation,53225329
reported,53189294
politics,53007762
representative,52998420
jersey,52881336
argument,52873709
rent,52861758
mi,52710843
dream,52657185
sense,52629633
cock,52616827
modified,52557860
released,52546300
internal,52515245
born,52510893
recommended,52496488
rose,52496289
lord,52474647
evaluation,52465298
presentation,52405983
detailed,52396856
forest,52396413
estimate,52370048
japanese,52356852
parameter,52223257
approved,52215969
except,52183597
respect,52180416
rape,52166558
minister,52107215
maintenance,52006621
maybe,51895609
economy,51853436
capacity,51802951
moving,51765877
dealer,51642165
pretty,51621090
merchant,51603557
flat,51599402
beginning,51574347
spain,51572640
temperature,51558461
southern,51536707
chance,51442371
boston,51432830
incest,51428013
remote,51395657
submitted,51387515
minimum,51315205
fat,51311873
workshop,51291770
interested,51282170
campus,51208501
throughout,51160616
arm,51156978
mike,51136599
platform,51088412
defined,51033173
playing,51019438
martin,50995905
crime,50877596
virtual,50843671
established,50818165
external,50777115
dark,50740032
programming,50630393
ten,50614853
implementation,50612489
saw,50570151
regarding,50409715
installation,50353882
offered,50347350
understanding,50334131
steel,50194670
graduate,50184233
specification,50143524
enjoy,50141455
th,50136473
po,50101902
complex,50092131
exercise,50046036
chief,50021210
un,49982668
visual,49969150
sub,49955820
diamond,49939500
wrong,49934294
script,49886342
boat,49704793
guideline,49698744
edge,49695533
permission,49665270
na,49577560
secretary,49567838
increased,49547349
jack,49547185
babe,49505821
civil,49495349
duty,49442017
electric,49346151
village,49333133
led,49275665
square,49224570
fixed,49215402
tom,49170897
bird,49130879
lab,49108169
writer,49072599
finally,48999091
damage,48993361
az,48985772
reserve,48972726
progress,48912113
au,48888873
diet,48882017
unknown,48875146
paris,48831449
coast,48826622
ohio,48812305
adventure,48773118
musical,48683983
requires,48668931
supplier,48661895
fully,48616832
tit,48550960
upgrade,48506564
asset,48481339
resident,48455482
dead,48412882
transport,48388367
specified,48284665
poor,48168685
pst,48156259
bus,48131013
currency,48109321
objective,48103228
worth,48099042
showing,48048028
xxx,47989278
essential,47936682
fucking,47930903
flag,47921009
georgia,47898290
moment,47882449
peace,47872263
traditional,47847595
fiction,47808659
competition,47798484
vision,47765922
creative,47737474
australian,47715830
funding,47702677
bottom,47685192
principle,47683869
proposal,47678318
designer,47632701
profit,47625692
icon,47605064
agree,47500911
stream,47475128
destination,47441220
hear,47426506
sometimes,47402973
vega,47392351
injury,47372060
bible,47367976
royal,47361578
motion,47336175
beyond,47315243
russian,47307990
literature,47298333
branch,47244524
gear,47196672
amateur,47156193
generation,47131868
former,47125847
load,47072172
extension,47016733
interesting,46983244
camp,46967057
jump,46930563
accepted,46922000
army,46902606
walk,46873435
african,46854651
paperback,46761136
die,46745446
presented,46729648
emergency,46720881
justice,46700513
gene,46663109
phase,46624887
comic,46596615
clean,46556374
respective,46528775
spanish,46482449
michigan,46437105
sequence,46434404
signal,46408529
columbia,46367780
guarantee,46277955
dictionary,46264303
monthly,46261465
reservation,46242079
highest,46234721
helpful,46208737
kb,46202617
fashion,46148185
seat,46137154
critical,46136062
subscription,46089599
hr,46080294
counter,46051982
query,46007105
religion,45981107
height,45972154
truck,45945319
networking,45918427
chain,45851350
saint,45833660
cv,45819777
campaign,45809124
spirit,45791642
balance,45768130
palm,45758669
mouse,45725196
lee,45693498
drop,45620690
revenue,45596929
satellite,45588215
advantage,45532673
changed,45453557
heard,45436523
quantity,45432088
colorado,45428732
cruise,45345354
movement,45323209
largest,45314848
produce,45309380
mass,45284489
league,45254625
relevant,45242119
skip,45237219
weekend,45215385
weekly,45204152
connect,45133501
professor,45107397
virus,45072576
transaction,45067109
newspaper,45054014
attention,45017405
applied,44960208
pocket,44906676
described,44905064
pain,44900758
hearing,44863940
architecture,44848499
seven,44648436
waste,44621034
secret,44597035
disc,44545089
allowed,44526131
correct,44467948
charles,44466066
ending,44442745
guitar,44384916
selling,44375770
context,44372896
specie,44368020
wheel,44349913
coverage,44227160
older,44222089
poll,44217139
illinois,44214414
priority,44205294
pricing,44064242
documentation,44052394
random,44038489
favourite,43919600
fuel,43806022
operator,43801310
cm,43774327
aspect,43728930
sec,43706717
trading,43706094
vendor,43698805
partnership,43689009
rank,43630695
giving,43506778
quarter,43476807
leather,43324700
bridge,43263827
listen,43252527
bob,43232574
discuss,43208309
accept,43171429
offering,43157600
automotive,43128760
naked,43110969
fantasy,43092529
scene,43063991
initial,43048548
successful,43041696
sold,42979181
template,42964985
employer,42959352
clinical,42951421
miss,42906521
joint,42905102
lowest,42865965
comparison,42860377
coffee,42858323
highly,42857273
premium,42848332
publishing,42830042
sa,42817962
appear,42801104
dynamic,42786164
developing,42769271
determine,42707469
configuration,42646143
da,42646104
ex,42611195
actual,42552937
corner,42507235
historical,42501329
commerce,42459641
perhaps,42450144
difficult,42436311
scientific,42415451
therapy,42407034
affair,42377709
contribution,42347798
cum,42343923
ice,42343402
ford,42309151
nc,42296435
reach,42272594
met,42223443
font,42212524
scott,42177232
particularly,42160203
fuck,42157670
gain,42117764
oral,42089076
pink,42077063
www,42076566
advertisement,42023212
cultural,42022443
cold,42009560
ac,42006396
easily,41949287
functional,41862937
mount,41830350
judge,41823225
failure,41811453
closed,41782645
zealand,41735850
bedroom,41722721
candidate,41699408
warranty,41671597
monitoring,41647453
trend,41626912
protocol,41618828
canon,41606416
plastic,41546050
opening,41525814
headline,41523828
aim,41507102
sc,41430706
va,41403113
wait,41363575
byte,41358255
thinking,41347669
freedom,41224448
recommend,41146831
cent,41137999
hardcore,41125351
surgery,41091411
heat,41077034
suggestion,41063418
route,41054858
laboratory,41044106
marine,40971252
lesson,40960406
administrator,40960388
apparel,40873061
mo,40856019
accounting,40843371
optional,40839022
citizen,40812604
km,40793869
manufacturing,40781457
ar,40764985
fishing,40730311
recording,40729400
pda,40722074
tape,40660941
blowjob,40634426
contractor,40614095
investor,40557764
johnson,40527537
solid,40522762
install,40502273
generally,40435813
continued,40414263
drink,40392266
appeal,40379825
organisation,40309867
wild,40270633
festival,40248142
congress,40245818
train,40164074
quickly,40161558
craft,40155446
birth,40153101
handle,40142611
engineer,40132476
amendment,40053449
doc,40035156
driving,40033859
promotion,40029781
santa,40023825
carry,39978069
kansa,39945400
breakfast,39942370
theater,39928561
italian,39875209
fix,39847571
reduce,39830748
roll,39810763
brought,39794764
boot,39793652
leg,39781266
touch,39762539
participant,39748628
enable,39733007
acid,39661827
notebook,39623179
mid,39610476
expression,39587597
equal,39582141
israel,39562603
se,39483236
expense,39444835
soft,39440877
defense,39439317
assistant,39419986
jones,39397212
ipod,39376632
hundred,39367996
alone,39326417
adam,39314641
arizona,39283012
queen,39224762
prime,39210803
volunteer,39176660
mom,39068727
angel,39041638
produced,39030637
creek,39021850
supported,38989028
upper,38952299
scheme,38942871
bond,38879421
rich,38868722
creating,38863806
orange,38839745
disk,38820773
abuse,38815779
fresh,38781893
con,38751986
growing,38729323
soul,38590733
hire,38588961
ft,38549927
import,38535199
eastern,38506956
plate,38485659
criterion,38481813
brief,38472007
generated,38437769
saying,38415068
signed,38369963
ray,38339958
administrative,38339299
dj,38331570
serious,38316678
separate,38315451
labor,38292450
recovery,38292278
bondage,38272228
began,38269468
louis,38259201
informed,38207430
cap,38194301
ga,38185755
origin,38129319
worked,38128226
urban,38087999
forecast,38070212
cycle,38019495
sorted,38002278
disability,38000912
reporting,37995481
initiative,37976468
porno,37938536
truth,37860395
attempt,37858669
immediately,37857880
feeling,37845806
nursing,37822746
household,37807831
permit,37792653
approval,37779861
heavy,37779023
fill,37778413
designated,37777117
draft,37774482
colour,37751212
consultant,37734908
hole,37728350
speech,37706832
em,37702094
covered,37662109
preview,37661400
universal,37658200
theatre,37613647
integrated,37600088
comprehensive,37561161
assembly,37541474
avenue,37522170
pharmacy,37493222
specialist,37461293
protect,37455957
smart,37455745
compliance,37368042
became,37332761
leaf,37317352
prevent,37247684
criminal,37169821
atom,37152855
andrew,37151685
laser,37147026
behavior,37145825
acceptance,37132386
native,37100828
translation,37040505
pennsylvania,37039579
row,37029342
brain,37025785
faith,36920083
editorial,36905858
winner,36893955
spot,36860591
spa,36855842
ministry,36853902
seem,36852843
intended,36830419
latin,36779697
antique,36778790
magic,36764626
suggest,36726336
evening,36714169
serve,36697856
talking,36617848
gave,36576222
multimedia,36522534
wire,36514826
avoid,36508203
cc,36501211
certified,36493381
manage,36439435
computing,36381081
symbol,36364641
oregon,36353838
battle,36341684
portion,36319931
interactive,36253355
bath,36245268
ct,36171780
leadership,36163917
define,36087006
racing,36079737
religious,36046200
lcd,36039128
mix,35980287
airline,35959110
dress,35956915
layer,35930723
domestic,35918709
identify,35854119
hat,35813798
missing,35813046
died,35803272
approximately,35797333
rom,35764004
houston,35722699
moved,35713495
snow,35709742
spec,35698576
mental,35674270
iron,35668530
viewed,35666896
extended,35651592
desk,35626671
sorry,35595812
wallpaper,35553805
framework,35519983
gamma,35485081
eu,35473942
pair,35468818
binding,35460835
ne,35446417
ocean,35377889
baseball,35350341
placed,35347899
strength,35339916
follows,35327869
assist,35294972
sweet,35276616
bookmark,35272318
ontario,35233760
automatically,35225937
clock,35223865
gun,35217715
printing,35215398
minnesota,35206660
dimension,35183453
lack,35178494
frequency,35171104
sister,35155790
jackson,35154479
wi,35132149
